date,airline,flight_number,origin,destination,original_route,new_route,original_distance_km,new_distance_km,additional_distance_km,extra_fuel_cost_usd,delay_hours
2026-02-28,Iran Air,IR9334,Los Angeles,Doha,Via Iran/Iraq corridor,Via Turkey–Kazakhstan northern route,4239,5887,1648,6633.95,4.5
2026-02-28,Turkish Airlines,TU7911,Paris,Dubai,Direct Tehran overfly,Via Ashgabat–Almaty route,6888,8697,1809,9543.08,3.1
2026-02-28,Turkish Airlines,TU907,London,Doha,Direct Gulf route,Via Jordan–Egypt alternate,11403,12416,1013,4268.36,4.2
2026-02-28,Air France,AI2443,Tehran,Istanbul,Via Persian Gulf,Via Indian Ocean southern route,7180,9863,2683,12945.15,2.1
2026-02-28,KLM,KL8000,Lahore,Doha,Via Strait of Hormuz,Via Red Sea–Suez route,6222,7574,1352,9305.36,3.1
2026-02-28,Delta Air Lines,DE8371,Doha,Paris,Via Baghdad FIR,Via Ankara–Baku corridor,7454,8206,752,3106.78,1.9
2026-02-28,Ethiopian Airlines,ET1798,Dubai,Delhi,Direct Gulf route,Via Jordan–Egypt alternate,11863,12786,923,5520.86,4.8
2026-02-28,Kuwait Airways,KU5166,Frankfurt,Dubai,Via Iran/Iraq corridor,Via Turkey–Kazakhstan northern route,5248,6134,886,3630.51,4.1
2026-02-28,Ethiopian Airlines,ET8016,Dubai,Cairo,Via Persian Gulf,Via Indian Ocean southern route,5653,7984,2331,15234.98,1.2
2026-02-28,Thai Airways,TH517,Muscat,London,Direct Gulf route,Via Jordan–Egypt alternate,2110,3203,1093,4255.63,1.3
2026-02-28,Gulf Air,GU2830,Islamabad,Riyadh,Via Persian Gulf,Via Indian Ocean southern route,10505,11957,1452,7127.27,3.9
2026-02-28,Ethiopian Airlines,ET1878,Beijing,Tehran,Via Iran/Iraq corridor,Via Egypt–East Africa southern route,3487,5382,1895,13024.24,3.2
2026-02-28,IndiGo,IN247,London,Bahrain,Direct Tehran overfly,Via Ashgabat–Almaty route,10092,11850,1758,7982.08,1.4
2026-02-28,Cargolux,CA3617,Dubai,Islamabad,Via Iran/Iraq corridor,Via Egypt–East Africa southern route,10745,13441,2696,16767.11,2.6
2026-02-28,American Airlines,AM3089,Dubai,London,Via Baghdad FIR,Via Ankara–Baku corridor,3229,4077,848,3998.99,4.9
2026-02-28,Turkish Airlines,TU6903,New York,Doha,Direct Gulf route,Via Jordan–Egypt alternate,6347,7040,693,4580.02,3.9
2026-02-28,Etihad Airways,ET2480,Islamabad,Dubai,Via Iran/Iraq corridor,Via Turkey–Kazakhstan northern route,8975,9777,802,3269.56,2.3
2026-02-28,Air Arabia,AI3371,Doha,Mumbai,Via Persian Gulf,Via Indian Ocean southern route,3629,6765,3136,19759.97,4.3
2026-02-28,Singapore Airlines,SI5185,Mumbai,Doha,Via Iran/Iraq corridor,Via Egypt–East Africa southern route,5802,7240,1438,6854.05,1.7
2026-02-28,Gulf Air,GU6026,Beirut,Paris,Via Strait of Hormuz,Via Red Sea–Suez route,2012,2968,956,5861.89,2.2
2026-02-28,Air Arabia,AI383,Dubai,Frankfurt,Direct Tehran overfly,Via Ashgabat–Almaty route,4439,5236,797,3175.08,5.0
2026-02-28,Lufthansa,LU6655,Abu Dhabi,London,Direct Middle East overfly,Via Central Asian detour,2815,4612,1797,11012.86,4.2
2026-02-28,Iran Air,IR8851,Dubai,Paris,Via Iran/Iraq corridor,Via Egypt–East Africa southern route,5832,8075,2243,12088.65,4.2
2026-02-28,Pakistan International Airlines,PA4924,Doha,Mumbai,Direct Middle East overfly,Via Central Asian detour,11821,14100,2279,12809.85,4.8
2026-02-28,FedEx Express,FE8106,Islamabad,Dubai,Direct Middle East overfly,Via Central Asian detour,10057,12429,2372,11416.99,1.2
2026-02-28,Singapore Airlines,SI2866,Riyadh,Cairo,Via Iran/Iraq corridor,Via Egypt–East Africa southern route,6351,8687,2336,9357.88,2.0
2026-02-28,United Airlines,UN9936,Washington,Abu Dhabi,Direct Gulf route,Via Jordan–Egypt alternate,11119,12119,1000,4081.95,1.0
2026-02-28,Cathay Pacific,CA9903,Doha,Paris,Via Baghdad FIR,Via Ankara–Baku corridor,5844,7153,1309,7470.62,2.4
2026-03-01,Jazeera Airways,JA2121,Doha,London,Via Iran/Iraq corridor,Via Egypt–East Africa southern route,3185,4554,1369,7412.04,2.4
2026-03-01,Ethiopian Airlines,ET9968,Singapore,London,Via Persian Gulf,Via Indian Ocean southern route,9649,11438,1789,9269.27,2.7
2026-03-01,Oman Air,OM1646,Dubai,Karachi,Via Baghdad FIR,Via Ankara–Baku corridor,4681,5268,587,3323.96,1.4
2026-03-01,Air India,AI9030,Riyadh,London,Via Baghdad FIR,Via Ankara–Baku corridor,10691,12052,1361,7407.89,4.9
2026-03-01,Qatar Airways,QA334,Doha,Lahore,Via Iran/Iraq corridor,Via Egypt–East Africa southern route,9725,11078,1353,6848.87,1.3
2026-03-01,Saudi Arabian Airlines,SA9440,Frankfurt,Dubai,Direct Middle East overfly,Via Central Asian detour,10580,11715,1135,6696.77,2.9
2026-03-01,British Airways,BR7228,Islamabad,Dubai,Via Iran/Iraq corridor,Via Turkey–Kazakhstan northern route,9271,10552,1281,5303.49,1.8
2026-03-01,United Airlines,UN4072,Dubai,Islamabad,Via Baghdad FIR,Via Ankara–Baku corridor,3911,4411,500,3448.88,2.7
2026-03-01,FedEx Express,FE4911,Beirut,Paris,Via Baghdad FIR,Via Ankara–Baku corridor,3145,3912,767,2805.0,3.8
2026-03-01,Turkish Airlines,TU4252,London,Kuwait City,Via Baghdad FIR,Via Ankara–Baku corridor,10986,12124,1138,6341.09,2.0
2026-03-01,Air Arabia,AI2273,Abu Dhabi,Washington,Via Iran/Iraq corridor,Via Turkey–Kazakhstan northern route,6281,8395,2114,12030.73,4.9
2026-03-01,British Airways,BR783,Istanbul,Dubai,Direct Tehran overfly,Via Ashgabat–Almaty route,4417,5962,1545,6187.63,0.9
2026-03-01,Mahan Air,MA9356,Mumbai,Doha,Via Baghdad FIR,Via Ankara–Baku corridor,2510,3239,729,4493.46,1.7
2026-03-01,Thai Airways,TH6750,Dubai,Paris,Via Baghdad FIR,Via Ankara–Baku corridor,3808,4452,644,2999.23,3.8
2026-03-01,FedEx Express,FE3497,Amman,Dubai,Direct Tehran overfly,Via Ashgabat–Almaty route,10124,11015,891,5206.39,3.0
2026-03-01,Gulf Air,GU8832,Paris,Beirut,Direct Gulf route,Via Jordan–Egypt alternate,4351,5162,811,3843.39,1.4
2026-03-01,DHL Aviation,DH4303,Dubai,New York,Via Persian Gulf,Via Indian Ocean southern route,4317,7639,3322,13143.92,2.7
2026-03-01,KLM,KL3913,Cairo,Kuwait City,Direct Tehran overfly,Via Ashgabat–Almaty route,5421,6516,1095,5848.6,1.2
2026-03-01,IndiGo,IN609,Paris,Doha,Via Strait of Hormuz,Via Red Sea–Suez route,9091,9788,697,4574.72,4.2
2026-03-01,Cargolux,CA8145,Kuwait City,Mumbai,Via Baghdad FIR,Via Ankara–Baku corridor,10593,11471,878,3713.29,3.0
2026-03-01,Saudi Arabian Airlines,SA5972,Dubai,Cairo,Via Iran/Iraq corridor,Via Turkey–Kazakhstan northern route,6431,7636,1205,5113.08,2.6
2026-03-02,Malaysia Airlines,MA5152,Paris,Dubai,Direct Gulf route,Via Jordan–Egypt alternate,8836,9897,1061,6499.82,2.4
2026-03-02,Oman Air,OM8645,Karachi,Dubai,Via Iran/Iraq corridor,Via Egypt–East Africa southern route,8321,11038,2717,14895.01,4.8
2026-03-02,Turkish Airlines,TU4814,Tehran,Istanbul,Via Iran/Iraq corridor,Via Egypt–East Africa southern route,4871,6994,2123,8082.86,2.2
2026-03-02,Qatar Airways,QA4657,Islamabad,Riyadh,Direct Tehran overfly,Via Ashgabat–Almaty route,11865,13544,1679,9059.45,1.6
2026-03-02,Ethiopian Airlines,ET5713,Paris,Doha,Direct Gulf route,Via Jordan–Egypt alternate,8497,8972,475,2644.67,0.6
2026-03-02,Iran Air,IR4602,Los Angeles,Doha,Via Iran/Iraq corridor,Via Egypt–East Africa southern route,3615,4813,1198,5929.3,4.6
2026-03-02,IndiGo,IN1283,Paris,Doha,Via Strait of Hormuz,Via Red Sea–Suez route,2232,3051,819,3931.68,2.2
2026-03-02,DHL Aviation,DH5120,Cairo,Riyadh,Via Persian Gulf,Via Indian Ocean southern route,6498,9213,2715,17783.64,3.8
2026-03-02,Emirates SkyCargo,EM7247,London,Muscat,Via Strait of Hormuz,Via Red Sea–Suez route,3840,5179,1339,6782.83,2.1
2026-03-02,Jazeera Airways,JA3842,Karachi,Dubai,Via Strait of Hormuz,Via Red Sea–Suez route,11593,12429,836,2938.21,2.2
2026-03-02,Jazeera Airways,JA3684,Doha,New York,Via Baghdad FIR,Via Ankara–Baku corridor,6013,6706,693,3841.93,4.2
2026-03-02,Iran Air,IR5723,Paris,Doha,Direct Middle East overfly,Via Central Asian detour,10893,13257,2364,8336.82,2.4
2026-03-02,Iran Air,IR8018,Dubai,Bahrain,Via Iran/Iraq corridor,Via Egypt–East Africa southern route,4333,5518,1185,5127.22,2.5
2026-03-02,FedEx Express,FE9659,London,Dubai,Direct Middle East overfly,Via Central Asian detour,9911,11150,1239,7379.55,4.7
2026-03-02,Cathay Pacific,CA1508,Karachi,Istanbul,Via Iran/Iraq corridor,Via Turkey–Kazakhstan northern route,7254,8343,1089,4942.81,1.5
2026-03-02,Pakistan International Airlines,PA107,Frankfurt,Dubai,Via Persian Gulf,Via Indian Ocean southern route,4518,7561,3043,16707.55,4.5
2026-03-02,Kuwait Airways,KU414,Delhi,Istanbul,Via Persian Gulf,Via Indian Ocean southern route,5732,7649,1917,7415.34,3.9
2026-03-03,DHL Aviation,DH2848,Moscow,Tehran,Via Baghdad FIR,Via Ankara–Baku corridor,11653,12230,577,3169.46,4.3
2026-03-03,British Airways,BR4677,Sydney,Dubai,Direct Gulf route,Via Jordan–Egypt alternate,10109,11068,959,5450.54,1.9
2026-03-03,British Airways,BR2036,Dubai,Karachi,Direct Gulf route,Via Jordan–Egypt alternate,3528,4634,1106,5400.46,1.2
2026-03-03,Air Arabia,AI4157,Doha,London,Direct Tehran overfly,Via Ashgabat–Almaty route,10582,11884,1302,6973.98,3.4
2026-03-03,Singapore Airlines,SI4009,Paris,Beirut,Via Strait of Hormuz,Via Red Sea–Suez route,9309,10754,1445,7662.14,2.9
2026-03-03,United Airlines,UN973,Paris,Doha,Via Strait of Hormuz,Via Red Sea–Suez route,7291,8604,1313,8709.39,1.0
2026-03-03,FedEx Express,FE6579,Tehran,Istanbul,Via Iran/Iraq corridor,Via Turkey–Kazakhstan northern route,6637,7854,1217,4971.69,2.9
2026-03-03,Malaysia Airlines,MA2572,New York,Dubai,Direct Middle East overfly,Via Central Asian detour,6378,8397,2019,10176.36,4.7
2026-03-03,DHL Aviation,DH3026,Dubai,Cairo,Direct Middle East overfly,Via Central Asian detour,5756,6749,993,4308.54,1.3
2026-03-03,Malaysia Airlines,MA9138,Bahrain,London,Via Iran/Iraq corridor,Via Turkey–Kazakhstan northern route,7673,8835,1162,6943.09,2.6
2026-03-03,Air India,AI109,Kuwait City,Cairo,Direct Gulf route,Via Jordan–Egypt alternate,6821,7541,720,4316.71,3.7
2026-03-03,Saudi Arabian Airlines,SA7549,London,Bahrain,Direct Middle East overfly,Via Central Asian detour,2375,3777,1402,6084.61,4.4
2026-03-03,Turkish Airlines,TU1678,Beirut,Paris,Via Baghdad FIR,Via Ankara–Baku corridor,11839,12930,1091,5125.34,2.9
2026-03-03,IndiGo,IN3206,Riyadh,Islamabad,Direct Tehran overfly,Via Ashgabat–Almaty route,4657,5906,1249,7914.16,3.7
2026-03-03,British Airways,BR7030,Frankfurt,Dubai,Via Iran/Iraq corridor,Via Egypt–East Africa southern route,4606,7212,2606,17810.23,4.4
2026-03-03,Emirates SkyCargo,EM4558,Paris,Dubai,Via Persian Gulf,Via Indian Ocean southern route,5939,8007,2068,8401.63,3.5
2026-03-03,flydubai,FL5424,Doha,London,Via Strait of Hormuz,Via Red Sea–Suez route,10549,11441,892,4460.8,1.1
2026-03-03,Air France,AI8035,Singapore,Dubai,Via Iran/Iraq corridor,Via Egypt–East Africa southern route,8837,10605,1768,6758.07,4.0
2026-03-03,Gulf Air,GU8888,Muscat,London,Direct Gulf route,Via Jordan–Egypt alternate,5039,5559,520,2233.78,2.7
2026-03-03,Emirates SkyCargo,EM9570,Islamabad,Dubai,Via Iran/Iraq corridor,Via Turkey–Kazakhstan northern route,4162,6125,1963,9853.65,1.2
2026-03-03,Air France,AI9251,Bahrain,London,Via Persian Gulf,Via Indian Ocean southern route,9893,12414,2521,12634.7,3.1
2026-03-03,Pakistan International Airlines,PA1247,Dubai,Delhi,Via Iran/Iraq corridor,Via Egypt–East Africa southern route,9018,10631,1613,10146.11,1.6
2026-03-03,Singapore Airlines,SI6327,Beijing,Tehran,Direct Middle East overfly,Via Central Asian detour,5361,6804,1443,7996.65,4.7
2026-03-03,United Airlines,UN5759,Doha,Paris,Via Strait of Hormuz,Via Red Sea–Suez route,10308,11703,1395,7723.33,4.8
2026-03-03,Etihad Airways,ET2825,Dubai,Islamabad,Via Persian Gulf,Via Indian Ocean southern route,5043,6319,1276,6005.26,4.9
2026-03-03,Air France,AI7323,Abu Dhabi,Washington,Direct Middle East overfly,Via Central Asian detour,8573,10850,2277,15757.29,2.9
2026-03-03,Air Arabia,AI9701,Dubai,New York,Via Iran/Iraq corridor,Via Turkey–Kazakhstan northern route,11157,12029,872,5999.48,1.4
2026-03-03,Gulf Air,GU5365,Los Angeles,Doha,Direct Tehran overfly,Via Ashgabat–Almaty route,4621,6245,1624,10848.29,1.2
2026-03-03,Malaysia Airlines,MA8638,Riyadh,Islamabad,Via Baghdad FIR,Via Ankara–Baku corridor,10051,11229,1178,4565.89,1.8
2026-03-04,Cathay Pacific,CA2285,Dubai,Frankfurt,Direct Tehran overfly,Via Ashgabat–Almaty route,5786,7384,1598,11082.02,1.7
2026-03-04,American Airlines,AM819,Doha,Paris,Direct Middle East overfly,Via Central Asian detour,5185,6107,922,6389.43,2.1
2026-03-04,Mahan Air,MA1151,Dubai,Istanbul,Direct Middle East overfly,Via Central Asian detour,6757,8109,1352,5888.42,1.7
2026-03-04,Kuwait Airways,KU4606,Islamabad,Riyadh,Via Baghdad FIR,Via Ankara–Baku corridor,8969,9705,736,4729.56,3.4
2026-03-04,Oman Air,OM2534,Los Angeles,Doha,Via Iran/Iraq corridor,Via Turkey–Kazakhstan northern route,9094,10472,1378,8646.95,2.9
2026-03-04,American Airlines,AM7586,London,Bahrain,Direct Gulf route,Via Jordan–Egypt alternate,7981,9033,1052,3929.89,1.9
2026-03-04,Emirates SkyCargo,EM8388,Sydney,Abu Dhabi,Via Persian Gulf,Via Indian Ocean southern route,3990,5776,1786,9135.25,0.8
2026-03-04,Emirates,EM4026,Dubai,Mumbai,Direct Middle East overfly,Via Central Asian detour,8197,9733,1536,5991.97,0.5
2026-03-04,Singapore Airlines,SI6922,Mumbai,Dubai,Via Strait of Hormuz,Via Red Sea–Suez route,6926,8178,1252,6714.54,0.7
2026-03-04,Singapore Airlines,SI2475,Bahrain,London,Via Baghdad FIR,Via Ankara–Baku corridor,6986,8397,1411,5780.8,1.0
2026-03-04,Qatar Airways,QA9427,Tehran,Istanbul,Direct Tehran overfly,Via Ashgabat–Almaty route,2925,4309,1384,8972.97,3.2
2026-03-04,Jazeera Airways,JA3885,Paris,Doha,Via Iran/Iraq corridor,Via Egypt–East Africa southern route,9925,12620,2695,11090.29,1.9
2026-03-04,Malaysia Airlines,MA6043,Mumbai,Doha,Via Iran/Iraq corridor,Via Egypt–East Africa southern route,6236,7684,1448,6518.04,4.8
2026-03-04,Singapore Airlines,SI3194,Abu Dhabi,Sydney,Direct Middle East overfly,Via Central Asian detour,11885,13299,1414,5976.55,3.3
2026-03-04,Thai Airways,TH7106,Istanbul,Delhi,Via Strait of Hormuz,Via Red Sea–Suez route,5183,6426,1243,6303.71,3.3
2026-03-04,Thai Airways,TH701,Delhi,Dubai,Via Iran/Iraq corridor,Via Egypt–East Africa southern route,11304,12992,1688,6450.88,3.5
2026-03-04,United Airlines,UN7372,Dubai,New York,Via Iran/Iraq corridor,Via Egypt–East Africa southern route,4325,5459,1134,4441.52,0.8
2026-03-05,Air Arabia,AI6473,Islamabad,Riyadh,Via Iran/Iraq corridor,Via Egypt–East Africa southern route,10764,12374,1610,10342.62,2.1
2026-03-05,Gulf Air,GU574,Singapore,Dubai,Direct Tehran overfly,Via Ashgabat–Almaty route,9189,10996,1807,11440.74,0.9
2026-03-05,Ethiopian Airlines,ET3822,Dubai,Islamabad,Via Baghdad FIR,Via Ankara–Baku corridor,7962,9287,1325,5162.61,4.4
2026-03-05,Gulf Air,GU3787,Abu Dhabi,Sydney,Via Persian Gulf,Via Indian Ocean southern route,2496,4721,2225,13814.72,3.0
2026-03-05,DHL Aviation,DH8778,Paris,Doha,Direct Gulf route,Via Jordan–Egypt alternate,8856,9828,972,6032.91,4.3
2026-03-05,Air Arabia,AI7730,Mumbai,Kuwait City,Direct Tehran overfly,Via Ashgabat–Almaty route,7788,9138,1350,8248.12,4.0
2026-03-05,Air Arabia,AI4331,New York,Dubai,Via Iran/Iraq corridor,Via Turkey–Kazakhstan northern route,10943,13121,2178,10526.1,1.9
2026-03-05,Malaysia Airlines,MA4914,Frankfurt,Dubai,Via Iran/Iraq corridor,Via Turkey–Kazakhstan northern route,5971,7173,1202,5776.1,4.2
2026-03-05,Cargolux,CA6611,Istanbul,Dubai,Direct Gulf route,Via Jordan–Egypt alternate,8332,8979,647,2791.04,2.5
2026-03-05,Etihad Airways,ET2031,Cairo,Kuwait City,Via Baghdad FIR,Via Ankara–Baku corridor,6901,8180,1279,5792.92,2.4
2026-03-05,Air France,AI6147,Cairo,Riyadh,Via Baghdad FIR,Via Ankara–Baku corridor,4350,5728,1378,6762.37,3.3
2026-03-05,Cargolux,CA7277,Paris,Doha,Via Baghdad FIR,Via Ankara–Baku corridor,10186,11487,1301,4578.98,3.1
2026-03-05,Kuwait Airways,KU1141,Doha,Los Angeles,Direct Tehran overfly,Via Ashgabat–Almaty route,2952,4200,1248,4563.44,4.9
2026-03-05,Gulf Air,GU5188,Istanbul,Tehran,Direct Gulf route,Via Jordan–Egypt alternate,8947,9368,421,1844.18,4.6
2026-03-05,Air India,AI8816,Frankfurt,Dubai,Via Strait of Hormuz,Via Red Sea–Suez route,6555,7349,794,4727.39,3.0
2026-03-05,Cathay Pacific,CA7892,Muscat,London,Via Iran/Iraq corridor,Via Turkey–Kazakhstan northern route,3221,4934,1713,6022.99,2.6
2026-03-05,Saudi Arabian Airlines,SA6488,Los Angeles,Doha,Direct Middle East overfly,Via Central Asian detour,9115,11549,2434,12242.05,2.1
2026-03-05,flydubai,FL6513,Mumbai,Dubai,Direct Middle East overfly,Via Central Asian detour,2894,4466,1572,7421.9,1.7
2026-03-05,Malaysia Airlines,MA1544,Islamabad,Riyadh,Via Persian Gulf,Via Indian Ocean southern route,11883,15301,3418,16862.94,2.1
2026-03-05,EgyptAir,EG7394,Lahore,Doha,Direct Middle East overfly,Via Central Asian detour,4050,5941,1891,8660.0,3.5
2026-03-05,Cargolux,CA5333,London,Doha,Via Strait of Hormuz,Via Red Sea–Suez route,8054,9396,1342,5761.02,2.3
2026-03-05,Turkish Airlines,TU8928,Dubai,Bahrain,Direct Middle East overfly,Via Central Asian detour,8859,10204,1345,8794.24,3.2
2026-03-05,Iran Air,IR1539,Singapore,Dubai,Via Persian Gulf,Via Indian Ocean southern route,7174,9795,2621,12819.01,2.7
2026-03-05,Air France,AI3899,Lahore,Doha,Direct Gulf route,Via Jordan–Egypt alternate,4683,5686,1003,3723.95,3.0
2026-03-05,Mahan Air,MA6216,Kuwait City,Mumbai,Via Baghdad FIR,Via Ankara–Baku corridor,11934,13262,1328,6855.54,1.5
2026-03-05,DHL Aviation,DH6232,Istanbul,Delhi,Via Baghdad FIR,Via Ankara–Baku corridor,9406,9989,583,2867.5,1.2
2026-03-05,Air India,AI8031,Mumbai,Dubai,Via Iran/Iraq corridor,Via Turkey–Kazakhstan northern route,9572,11738,2166,7785.9,1.7
2026-03-05,Air France,AI2712,Doha,New York,Via Iran/Iraq corridor,Via Turkey–Kazakhstan northern route,6081,7160,1079,5655.66,2.9
2026-03-05,Cargolux,CA7360,Sydney,Dubai,Direct Gulf route,Via Jordan–Egypt alternate,11510,12538,1028,3844.36,3.0
2026-03-05,FedEx Express,FE4932,Karachi,Istanbul,Via Baghdad FIR,Via Ankara–Baku corridor,3198,4374,1176,6575.49,1.3
2026-03-05,Emirates,EM8651,Tehran,Beijing,Direct Gulf route,Via Jordan–Egypt alternate,11229,11714,485,2168.63,5.0
2026-03-05,DHL Aviation,DH3275,Paris,Dubai,Direct Gulf route,Via Jordan–Egypt alternate,11345,12534,1189,7224.01,4.2
2026-03-06,United Airlines,UN8464,Istanbul,Karachi,Via Iran/Iraq corridor,Via Egypt–East Africa southern route,7533,9901,2368,9653.37,1.8
2026-03-06,Kuwait Airways,KU855,Doha,Paris,Via Strait of Hormuz,Via Red Sea–Suez route,6053,7454,1401,9176.58,2.1
2026-03-06,FedEx Express,FE892,Dubai,Karachi,Via Persian Gulf,Via Indian Ocean southern route,11368,13336,1968,7571.73,3.1
2026-03-06,Oman Air,OM516,Dubai,New York,Via Iran/Iraq corridor,Via Turkey–Kazakhstan northern route,11401,13082,1681,11193.28,2.6
2026-03-06,Cargolux,CA7608,London,Dubai,Direct Middle East overfly,Via Central Asian detour,10407,12106,1699,6893.1,4.0
2026-03-06,Air Arabia,AI4463,London,Abu Dhabi,Via Baghdad FIR,Via Ankara–Baku corridor,5669,6831,1162,5924.5,4.3
2026-03-06,Malaysia Airlines,MA3645,Kuwait City,Mumbai,Via Iran/Iraq corridor,Via Turkey–Kazakhstan northern route,4662,5741,1079,3777.98,2.7
2026-03-06,British Airways,BR2464,London,Dubai,Via Strait of Hormuz,Via Red Sea–Suez route,7902,9033,1131,7816.04,3.9
2026-03-06,Singapore Airlines,SI3816,Mumbai,Dubai,Via Baghdad FIR,Via Ankara–Baku corridor,11996,12968,972,5148.82,2.7
2026-03-06,Air India,AI2101,Karachi,Istanbul,Via Iran/Iraq corridor,Via Turkey–Kazakhstan northern route,3084,4241,1157,7570.99,1.0
2026-03-06,FedEx Express,FE4248,Singapore,Dubai,Via Iran/Iraq corridor,Via Turkey–Kazakhstan northern route,10573,11988,1415,9416.0,2.8
2026-03-06,Jazeera Airways,JA1845,Dubai,New York,Direct Tehran overfly,Via Ashgabat–Almaty route,6724,8127,1403,8165.54,1.3
2026-03-06,Thai Airways,TH4074,Dubai,Bahrain,Direct Gulf route,Via Jordan–Egypt alternate,5863,6371,508,3412.49,1.8
2026-03-06,Iran Air,IR2523,Beirut,Paris,Via Baghdad FIR,Via Ankara–Baku corridor,8029,8938,909,3384.37,2.3
2026-03-06,Cathay Pacific,CA3306,Sydney,Dubai,Via Persian Gulf,Via Indian Ocean southern route,9570,11647,2077,11215.07,3.4
2026-03-06,Emirates SkyCargo,EM5450,Dubai,Frankfurt,Via Iran/Iraq corridor,Via Egypt–East Africa southern route,9317,11715,2398,9278.96,1.1
2026-03-06,Singapore Airlines,SI9315,New York,Doha,Direct Tehran overfly,Via Ashgabat–Almaty route,4180,5928,1748,11636.85,5.0
2026-03-06,flydubai,FL4454,Abu Dhabi,London,Via Strait of Hormuz,Via Red Sea–Suez route,2784,3544,760,2711.81,4.5
2026-03-06,KLM,KL3077,Lahore,Doha,Via Strait of Hormuz,Via Red Sea–Suez route,6981,8560,1579,9709.5,4.2
2026-03-06,Delta Air Lines,DE2708,Mumbai,Doha,Via Iran/Iraq corridor,Via Turkey–Kazakhstan northern route,2465,3698,1233,7728.72,0.9
2026-03-06,Kuwait Airways,KU3968,Cairo,Dubai,Direct Tehran overfly,Via Ashgabat–Almaty route,7849,9304,1455,7243.42,3.9
2026-03-06,DHL Aviation,DH1873,Paris,Beirut,Direct Gulf route,Via Jordan–Egypt alternate,8117,8527,410,1593.4,3.9
2026-03-06,Air France,AI482,Riyadh,Cairo,Via Iran/Iraq corridor,Via Egypt–East Africa southern route,10843,13261,2418,10504.42,4.1
2026-03-06,Delta Air Lines,DE4016,Tehran,Moscow,Via Strait of Hormuz,Via Red Sea–Suez route,8728,9357,629,2481.06,3.7
2026-03-06,Air Arabia,AI6459,London,Dubai,Direct Middle East overfly,Via Central Asian detour,8125,10076,1951,12022.79,4.4
2026-03-06,Pakistan International Airlines,PA4776,Moscow,Tehran,Via Persian Gulf,Via Indian Ocean southern route,11797,13080,1283,6593.38,3.2
2026-03-06,Delta Air Lines,DE8070,Los Angeles,Doha,Via Baghdad FIR,Via Ankara–Baku corridor,2310,3021,711,3863.58,2.9
2026-03-06,Kuwait Airways,KU7073,Dubai,Cairo,Direct Gulf route,Via Jordan–Egypt alternate,6315,7392,1077,5932.21,2.2
2026-03-06,flydubai,FL9042,Paris,Dubai,Via Iran/Iraq corridor,Via Egypt–East Africa southern route,6738,7774,1036,3740.12,1.0
2026-03-07,DHL Aviation,DH638,Bahrain,Dubai,Via Iran/Iraq corridor,Via Egypt–East Africa southern route,9642,11130,1488,6071.77,3.9
2026-03-07,EgyptAir,EG6060,Abu Dhabi,Washington,Via Persian Gulf,Via Indian Ocean southern route,11756,14457,2701,15487.62,2.6
2026-03-07,flydubai,FL3145,London,Singapore,Via Strait of Hormuz,Via Red Sea–Suez route,4402,5061,659,3082.22,1.1
2026-03-07,Etihad Airways,ET3953,Abu Dhabi,London,Direct Tehran overfly,Via Ashgabat–Almaty route,9579,10649,1070,3786.88,0.9
2026-03-07,Malaysia Airlines,MA7554,London,Riyadh,Direct Middle East overfly,Via Central Asian detour,8720,9888,1168,5890.28,4.2
2026-03-07,Malaysia Airlines,MA6462,Islamabad,Riyadh,Via Iran/Iraq corridor,Via Egypt–East Africa southern route,7652,10438,2786,16062.1,1.9
2026-03-07,Jazeera Airways,JA8208,Doha,Los Angeles,Direct Gulf route,Via Jordan–Egypt alternate,10953,12058,1105,4309.69,0.6
2026-03-07,Jazeera Airways,JA3878,Dubai,Mumbai,Via Iran/Iraq corridor,Via Egypt–East Africa southern route,11679,14443,2764,18945.98,2.5
2026-03-07,Ethiopian Airlines,ET595,Doha,Mumbai,Direct Gulf route,Via Jordan–Egypt alternate,8513,9338,825,4803.1,4.2
2026-03-07,Mahan Air,MA3056,Riyadh,Cairo,Via Strait of Hormuz,Via Red Sea–Suez route,11801,13083,1282,5904.26,5.0
2026-03-07,Cathay Pacific,CA5873,Kuwait City,Cairo,Via Baghdad FIR,Via Ankara–Baku corridor,5512,6603,1091,5045.75,3.4
2026-03-07,Etihad Airways,ET7416,Dubai,Karachi,Via Iran/Iraq corridor,Via Turkey–Kazakhstan northern route,3014,4699,1685,6927.08,2.1
2026-03-07,Air Arabia,AI8625,New York,Dubai,Via Iran/Iraq corridor,Via Turkey–Kazakhstan northern route,7633,8935,1302,8494.08,5.0
2026-03-07,Cathay Pacific,CA4039,Istanbul,Tehran,Direct Tehran overfly,Via Ashgabat–Almaty route,2094,3800,1706,8330.41,3.5
2026-03-07,Air France,AI744,Abu Dhabi,Sydney,Direct Middle East overfly,Via Central Asian detour,10676,11721,1045,6648.34,3.8
2026-03-07,British Airways,BR516,Dubai,Amman,Via Strait of Hormuz,Via Red Sea–Suez route,3876,4509,633,2513.09,1.5
2026-03-07,Kuwait Airways,KU5143,Washington,Abu Dhabi,Direct Tehran overfly,Via Ashgabat–Almaty route,8113,9807,1694,6021.99,2.2
2026-03-07,Etihad Airways,ET5496,Moscow,Tehran,Via Iran/Iraq corridor,Via Turkey–Kazakhstan northern route,4696,6789,2093,9507.83,4.2
2026-03-07,Etihad Airways,ET7045,Doha,Mumbai,Direct Tehran overfly,Via Ashgabat–Almaty route,2659,3431,772,5372.47,3.0
2026-03-07,Lufthansa,LU3197,Kuwait City,London,Via Persian Gulf,Via Indian Ocean southern route,11995,13302,1307,6455.03,2.2
2026-03-07,Etihad Airways,ET2861,Riyadh,Cairo,Direct Middle East overfly,Via Central Asian detour,2489,3541,1052,7164.03,4.3
2026-03-07,Turkish Airlines,TU2845,Dubai,Amman,Via Baghdad FIR,Via Ankara–Baku corridor,6405,7884,1479,5302.8,4.2
2026-03-07,Gulf Air,GU3667,Riyadh,London,Direct Middle East overfly,Via Central Asian detour,2600,4459,1859,11243.46,1.6
2026-03-08,Ethiopian Airlines,ET1882,Paris,Doha,Via Iran/Iraq corridor,Via Egypt–East Africa southern route,7741,9359,1618,10333.18,3.2
2026-03-08,Kuwait Airways,KU5452,Lahore,Doha,Via Baghdad FIR,Via Ankara–Baku corridor,5089,5880,791,3392.83,3.7
2026-03-08,EgyptAir,EG6890,Muscat,London,Direct Gulf route,Via Jordan–Egypt alternate,6183,7179,996,5874.91,2.1
2026-03-08,Mahan Air,MA181,Dubai,Istanbul,Direct Gulf route,Via Jordan–Egypt alternate,11016,12055,1039,5056.79,4.9
2026-03-08,IndiGo,IN7334,New York,Doha,Via Persian Gulf,Via Indian Ocean southern route,8963,11844,2881,15735.07,4.9
2026-03-08,American Airlines,AM7990,Paris,Dubai,Direct Middle East overfly,Via Central Asian detour,9899,11720,1821,9493.95,4.3
2026-03-08,flydubai,FL5105,London,Doha,Via Iran/Iraq corridor,Via Turkey–Kazakhstan northern route,7028,8167,1139,5453.13,1.0
2026-03-08,Ethiopian Airlines,ET5663,Mumbai,Dubai,Via Iran/Iraq corridor,Via Egypt–East Africa southern route,11674,12957,1283,5837.22,2.4
2026-03-08,Thai Airways,TH9382,Dubai,Amman,Via Persian Gulf,Via Indian Ocean southern route,11323,14191,2868,10972.88,2.8
2026-03-08,Cargolux,CA6425,Singapore,London,Via Iran/Iraq corridor,Via Turkey–Kazakhstan northern route,7755,8804,1049,4036.47,3.6
2026-03-08,Malaysia Airlines,MA2430,Dubai,Frankfurt,Via Persian Gulf,Via Indian Ocean southern route,6622,9104,2482,10734.7,3.1
2026-03-08,Pakistan International Airlines,PA1736,Dubai,Sydney,Via Iran/Iraq corridor,Via Egypt–East Africa southern route,4377,6284,1907,12988.65,1.5
2026-03-08,Lufthansa,LU3436,Frankfurt,Dubai,Via Iran/Iraq corridor,Via Turkey–Kazakhstan northern route,9760,11410,1650,7300.74,4.5
2026-03-08,EgyptAir,EG1010,Istanbul,Karachi,Via Iran/Iraq corridor,Via Turkey–Kazakhstan northern route,6339,8262,1923,11550.85,2.1
2026-03-08,Singapore Airlines,SI6226,Dubai,Singapore,Direct Tehran overfly,Via Ashgabat–Almaty route,6518,7943,1425,8857.06,3.3
2026-03-08,Etihad Airways,ET7400,Singapore,Dubai,Via Iran/Iraq corridor,Via Turkey–Kazakhstan northern route,3467,5446,1979,10353.17,1.4
2026-03-08,United Airlines,UN4381,Dubai,Istanbul,Via Baghdad FIR,Via Ankara–Baku corridor,5616,6325,709,4887.76,0.8
2026-03-08,Singapore Airlines,SI3717,Dubai,Istanbul,Via Persian Gulf,Via Indian Ocean southern route,10023,11966,1943,11144.99,3.7
2026-03-08,Turkish Airlines,TU7263,Karachi,Dubai,Via Iran/Iraq corridor,Via Turkey–Kazakhstan northern route,5784,7131,1347,5769.82,5.0
2026-03-08,United Airlines,UN2164,Mumbai,Doha,Via Baghdad FIR,Via Ankara–Baku corridor,5448,6705,1257,8410.78,2.2
2026-03-08,Kuwait Airways,KU6179,Beijing,Tehran,Direct Middle East overfly,Via Central Asian detour,2119,3374,1255,4498.05,1.1
2026-03-08,IndiGo,IN5293,Doha,Mumbai,Via Iran/Iraq corridor,Via Egypt–East Africa southern route,8186,10389,2203,12231.73,4.3
2026-03-08,Pakistan International Airlines,PA2697,Dubai,Mumbai,Via Strait of Hormuz,Via Red Sea–Suez route,4510,5994,1484,10272.66,3.3
2026-03-08,flydubai,FL7470,Cairo,Dubai,Via Strait of Hormuz,Via Red Sea–Suez route,2307,4076,1769,6571.3,0.9
2026-03-08,FedEx Express,FE8399,Istanbul,Tehran,Direct Middle East overfly,Via Central Asian detour,7701,9835,2134,8429.12,1.8
2026-03-08,Lufthansa,LU7125,London,Abu Dhabi,Via Persian Gulf,Via Indian Ocean southern route,6575,8405,1830,8430.74,5.0
2026-03-08,DHL Aviation,DH5227,Dubai,Karachi,Via Iran/Iraq corridor,Via Turkey–Kazakhstan northern route,3100,5003,1903,9912.22,0.6
2026-03-08,Saudi Arabian Airlines,SA7250,Doha,New York,Via Persian Gulf,Via Indian Ocean southern route,7767,11146,3379,13701.95,0.9
2026-03-08,Etihad Airways,ET3170,Istanbul,Dubai,Direct Middle East overfly,Via Central Asian detour,11894,13011,1117,5253.28,0.6
2026-03-08,British Airways,BR2510,Islamabad,Riyadh,Via Persian Gulf,Via Indian Ocean southern route,6799,10086,3287,15149.86,1.7
2026-03-08,American Airlines,AM2998,Dubai,Paris,Via Persian Gulf,Via Indian Ocean southern route,8324,10972,2648,13032.34,2.6
2026-03-08,Air Arabia,AI1626,New York,Doha,Via Baghdad FIR,Via Ankara–Baku corridor,3996,4698,702,4824.62,4.3
2026-03-09,United Airlines,UN2382,Kuwait City,London,Via Persian Gulf,Via Indian Ocean southern route,7262,8880,1618,6625.55,3.8
2026-03-09,Emirates SkyCargo,EM1560,Dubai,Cairo,Via Iran/Iraq corridor,Via Egypt–East Africa southern route,8713,10645,1932,12083.32,3.7
2026-03-09,Lufthansa,LU4955,Doha,Paris,Direct Middle East overfly,Via Central Asian detour,4187,6312,2125,10744.09,2.5
2026-03-09,KLM,KL804,Riyadh,London,Direct Middle East overfly,Via Central Asian detour,4370,5620,1250,5274.76,0.7
2026-03-09,Gulf Air,GU8514,Delhi,Istanbul,Via Iran/Iraq corridor,Via Turkey–Kazakhstan northern route,4799,6488,1689,8350.29,1.7
2026-03-09,Thai Airways,TH5969,Dubai,Sydney,Direct Gulf route,Via Jordan–Egypt alternate,2129,2855,726,2639.51,2.6
2026-03-09,British Airways,BR7064,Doha,Lahore,Direct Middle East overfly,Via Central Asian detour,2828,3976,1148,7342.91,2.5
2026-03-09,Air India,AI2881,Mumbai,Dubai,Via Iran/Iraq corridor,Via Turkey–Kazakhstan northern route,10253,11812,1559,8908.31,4.8
2026-03-09,Thai Airways,TH1360,Sydney,Dubai,Via Baghdad FIR,Via Ankara–Baku corridor,3960,4705,745,3987.47,4.4
2026-03-09,IndiGo,IN4419,Dubai,Mumbai,Via Persian Gulf,Via Indian Ocean southern route,2463,4185,1722,9244.54,1.8
2026-03-09,American Airlines,AM9936,Riyadh,Islamabad,Via Strait of Hormuz,Via Red Sea–Suez route,10605,11654,1049,4423.89,4.9
2026-03-09,American Airlines,AM1667,Paris,Doha,Direct Tehran overfly,Via Ashgabat–Almaty route,7883,9022,1139,5319.11,4.0
2026-03-09,Cathay Pacific,CA3678,Doha,London,Via Baghdad FIR,Via Ankara–Baku corridor,5046,5913,867,4429.42,2.4
2026-03-09,Pakistan International Airlines,PA1349,Cairo,Riyadh,Via Persian Gulf,Via Indian Ocean southern route,8511,11674,3163,16730.91,1.9
2026-03-09,Etihad Airways,ET1416,Sydney,Abu Dhabi,Via Strait of Hormuz,Via Red Sea–Suez route,4815,5873,1058,7080.04,4.4
2026-03-09,Emirates,EM742,Mumbai,Dubai,Via Iran/Iraq corridor,Via Turkey–Kazakhstan northern route,10382,11477,1095,7504.01,0.9
2026-03-09,Kuwait Airways,KU1598,Paris,Beirut,Via Strait of Hormuz,Via Red Sea–Suez route,7817,9563,1746,9892.76,3.7
2026-03-09,IndiGo,IN1576,Cairo,Riyadh,Via Persian Gulf,Via Indian Ocean southern route,5979,8923,2944,15408.32,2.1
2026-03-09,Oman Air,OM3996,Doha,New York,Via Iran/Iraq corridor,Via Egypt–East Africa southern route,11965,14396,2431,13300.71,1.6
2026-03-09,American Airlines,AM1245,Sydney,Dubai,Via Iran/Iraq corridor,Via Turkey–Kazakhstan northern route,5108,6587,1479,7802.27,1.8
2026-03-09,Air Arabia,AI679,Karachi,Istanbul,Via Persian Gulf,Via Indian Ocean southern route,4252,6441,2189,9659.19,2.8
2026-03-09,KLM,KL8468,Riyadh,Cairo,Via Strait of Hormuz,Via Red Sea–Suez route,3375,4815,1440,7595.38,3.8
2026-03-09,Pakistan International Airlines,PA6167,Karachi,Istanbul,Via Strait of Hormuz,Via Red Sea–Suez route,10428,11920,1492,6689.01,3.1
2026-03-09,FedEx Express,FE5591,Mumbai,Kuwait City,Via Baghdad FIR,Via Ankara–Baku corridor,9800,11119,1319,4663.38,1.5
2026-03-09,Emirates SkyCargo,EM5484,Delhi,Dubai,Via Strait of Hormuz,Via Red Sea–Suez route,10057,10787,730,3092.97,0.8
2026-03-09,Qatar Airways,QA8154,Doha,Lahore,Via Persian Gulf,Via Indian Ocean southern route,7223,10123,2900,11702.81,2.0
2026-03-09,Singapore Airlines,SI7246,London,Riyadh,Via Iran/Iraq corridor,Via Egypt–East Africa southern route,6407,7883,1476,10198.34,3.2
2026-03-09,Mahan Air,MA273,Doha,Mumbai,Direct Middle East overfly,Via Central Asian detour,3833,5031,1198,6227.01,1.5
2026-03-09,Jazeera Airways,JA7208,Abu Dhabi,Washington,Via Strait of Hormuz,Via Red Sea–Suez route,6136,7197,1061,4462.89,0.7
2026-03-09,Turkish Airlines,TU1388,Doha,Paris,Direct Tehran overfly,Via Ashgabat–Almaty route,11616,12946,1330,5982.26,2.6
2026-03-09,Singapore Airlines,SI1260,Amman,Dubai,Via Iran/Iraq corridor,Via Egypt–East Africa southern route,5555,7264,1709,10740.44,4.0
2026-03-09,United Airlines,UN6340,Karachi,Dubai,Direct Middle East overfly,Via Central Asian detour,6966,8821,1855,7547.89,1.3
2026-03-09,Oman Air,OM2802,Dubai,Bahrain,Via Strait of Hormuz,Via Red Sea–Suez route,10628,11957,1329,5631.97,3.9
2026-03-09,Ethiopian Airlines,ET6076,Mumbai,Kuwait City,Via Persian Gulf,Via Indian Ocean southern route,7081,9206,2125,13258.03,3.4
2026-03-09,Malaysia Airlines,MA6932,Karachi,Istanbul,Direct Tehran overfly,Via Ashgabat–Almaty route,6406,7895,1489,9415.02,3.1
2026-03-09,Air France,AI2146,Kuwait City,Mumbai,Via Strait of Hormuz,Via Red Sea–Suez route,5561,7236,1675,10809.77,1.7
2026-03-09,FedEx Express,FE6300,Dubai,Karachi,Via Iran/Iraq corridor,Via Egypt–East Africa southern route,4450,5888,1438,5928.42,2.6
2026-03-10,Ethiopian Airlines,ET632,Karachi,Istanbul,Via Strait of Hormuz,Via Red Sea–Suez route,4976,5691,715,3616.49,1.8
2026-03-10,Kuwait Airways,KU7718,Kuwait City,Cairo,Direct Gulf route,Via Jordan–Egypt alternate,4845,5681,836,3620.77,2.6
2026-03-10,Qatar Airways,QA5931,Dubai,Frankfurt,Via Baghdad FIR,Via Ankara–Baku corridor,9405,9929,524,3617.61,1.5
2026-03-10,Ethiopian Airlines,ET9677,Karachi,Dubai,Via Baghdad FIR,Via Ankara–Baku corridor,5013,6036,1023,6950.34,4.6
2026-03-10,Lufthansa,LU8758,Kuwait City,London,Via Iran/Iraq corridor,Via Egypt–East Africa southern route,7423,8960,1537,9587.33,4.9
2026-03-10,United Airlines,UN1494,Washington,Abu Dhabi,Direct Tehran overfly,Via Ashgabat–Almaty route,11040,12165,1125,7834.87,3.6
2026-03-10,Kuwait Airways,KU1452,Riyadh,Cairo,Direct Gulf route,Via Jordan–Egypt alternate,5967,6432,465,2536.98,4.4
2026-03-10,Cathay Pacific,CA2016,Doha,Paris,Via Iran/Iraq corridor,Via Turkey–Kazakhstan northern route,11161,12641,1480,6591.82,0.5
2026-03-10,Malaysia Airlines,MA7941,Dubai,Amman,Via Iran/Iraq corridor,Via Egypt–East Africa southern route,8012,10119,2107,9269.17,1.9
2026-03-10,Air India,AI8929,Bahrain,Dubai,Via Strait of Hormuz,Via Red Sea–Suez route,5927,7068,1141,6921.15,3.3
2026-03-10,flydubai,FL2565,Bahrain,London,Via Strait of Hormuz,Via Red Sea–Suez route,5671,6578,907,3579.71,1.7
2026-03-10,Thai Airways,TH6499,Dubai,Istanbul,Via Persian Gulf,Via Indian Ocean southern route,8962,12459,3497,17195.01,1.6
2026-03-10,Air France,AI6186,Kuwait City,Cairo,Direct Tehran overfly,Via Ashgabat–Almaty route,4472,5682,1210,7049.56,4.3
2026-03-10,Air India,AI9424,Sydney,Abu Dhabi,Via Baghdad FIR,Via Ankara–Baku corridor,9550,10818,1268,6764.08,1.5
2026-03-10,Pakistan International Airlines,PA1367,Dubai,Mumbai,Via Iran/Iraq corridor,Via Egypt–East Africa southern route,3129,4537,1408,5673.57,1.2
2026-03-10,Lufthansa,LU5475,Dubai,Frankfurt,Via Iran/Iraq corridor,Via Egypt–East Africa southern route,7578,9347,1769,11370.71,2.3
2026-03-10,flydubai,FL9974,London,Bahrain,Via Iran/Iraq corridor,Via Turkey–Kazakhstan northern route,9755,11498,1743,7157.8,0.8
2026-03-10,Emirates SkyCargo,EM7183,Dubai,Paris,Via Persian Gulf,Via Indian Ocean southern route,8280,11176,2896,16146.86,1.6
2026-03-10,Oman Air,OM7030,Doha,Lahore,Via Iran/Iraq corridor,Via Egypt–East Africa southern route,6418,8614,2196,13527.0,0.8
2026-03-11,flydubai,FL7079,Doha,Mumbai,Direct Gulf route,Via Jordan–Egypt alternate,7552,8341,789,4392.78,4.3
2026-03-11,Emirates SkyCargo,EM4083,London,Singapore,Via Baghdad FIR,Via Ankara–Baku corridor,2184,3287,1103,7232.25,1.0
2026-03-11,Turkish Airlines,TU3141,Doha,Los Angeles,Direct Gulf route,Via Jordan–Egypt alternate,5774,6478,704,3216.8,2.6
2026-03-11,Malaysia Airlines,MA2199,Dubai,Cairo,Via Iran/Iraq corridor,Via Turkey–Kazakhstan northern route,8114,9600,1486,10294.66,2.0
2026-03-11,DHL Aviation,DH1098,Riyadh,London,Direct Middle East overfly,Via Central Asian detour,8428,10412,1984,13027.69,4.9
2026-03-11,Cathay Pacific,CA6846,Cairo,Dubai,Via Persian Gulf,Via Indian Ocean southern route,3603,5697,2094,9422.11,1.5
2026-03-11,Oman Air,OM9106,Abu Dhabi,Sydney,Via Baghdad FIR,Via Ankara–Baku corridor,4568,5113,545,3615.77,2.7
2026-03-11,DHL Aviation,DH1748,Sydney,Abu Dhabi,Via Persian Gulf,Via Indian Ocean southern route,2991,5879,2888,10759.34,1.2
2026-03-11,Air Arabia,AI6807,Karachi,Dubai,Via Iran/Iraq corridor,Via Egypt–East Africa southern route,10159,11276,1117,4834.35,2.4
2026-03-11,Cathay Pacific,CA6401,Cairo,Riyadh,Direct Gulf route,Via Jordan–Egypt alternate,4487,5240,753,3769.95,1.2
2026-03-11,Kuwait Airways,KU9204,London,Singapore,Via Iran/Iraq corridor,Via Egypt–East Africa southern route,9183,10228,1045,6515.35,0.7
2026-03-11,Qatar Airways,QA3110,Riyadh,Islamabad,Via Iran/Iraq corridor,Via Turkey–Kazakhstan northern route,2960,4120,1160,7896.71,3.9
2026-03-11,Kuwait Airways,KU2169,Paris,Doha,Direct Gulf route,Via Jordan–Egypt alternate,5123,5576,453,1777.33,1.4
2026-03-11,Air Arabia,AI4142,London,Muscat,Via Persian Gulf,Via Indian Ocean southern route,9829,12702,2873,17393.54,1.6
2026-03-11,Cathay Pacific,CA6190,Abu Dhabi,Sydney,Direct Gulf route,Via Jordan–Egypt alternate,2342,3045,703,4402.69,2.1
2026-03-11,Emirates,EM5137,Karachi,Istanbul,Via Iran/Iraq corridor,Via Egypt–East Africa southern route,11617,12726,1109,4893.67,3.8
2026-03-11,Gulf Air,GU8228,Frankfurt,Dubai,Via Iran/Iraq corridor,Via Egypt–East Africa southern route,3038,4046,1008,6924.97,1.4
2026-03-11,FedEx Express,FE6292,London,Singapore,Via Iran/Iraq corridor,Via Egypt–East Africa southern route,8270,10584,2314,8194.25,4.3
2026-03-11,KLM,KL506,Cairo,Riyadh,Via Baghdad FIR,Via Ankara–Baku corridor,9853,10712,859,4347.43,3.3
2026-03-11,Cargolux,CA3737,Washington,Abu Dhabi,Via Baghdad FIR,Via Ankara–Baku corridor,10101,11477,1376,9620.78,2.0
2026-03-11,Emirates SkyCargo,EM5771,Cairo,Kuwait City,Direct Gulf route,Via Jordan–Egypt alternate,7004,7797,793,4163.55,3.4
2026-03-11,Emirates,EM642,Dubai,Cairo,Direct Gulf route,Via Jordan–Egypt alternate,11646,12448,802,3064.06,5.0
2026-03-11,American Airlines,AM6667,Kuwait City,Cairo,Via Strait of Hormuz,Via Red Sea–Suez route,8418,9422,1004,4754.12,3.6
2026-03-11,Lufthansa,LU7140,Dubai,Karachi,Via Baghdad FIR,Via Ankara–Baku corridor,11548,12812,1264,5119.0,3.7
2026-03-11,Kuwait Airways,KU2356,Beirut,Paris,Direct Middle East overfly,Via Central Asian detour,9045,10429,1384,8684.3,2.4
2026-03-12,Delta Air Lines,DE3466,Dubai,Islamabad,Via Baghdad FIR,Via Ankara–Baku corridor,9840,11097,1257,6661.93,1.8
2026-03-12,United Airlines,UN5613,Abu Dhabi,Washington,Direct Tehran overfly,Via Ashgabat–Almaty route,5013,6020,1007,6170.69,1.8
2026-03-12,Cargolux,CA4940,Bahrain,Dubai,Via Baghdad FIR,Via Ankara–Baku corridor,9770,10931,1161,4681.03,2.6
2026-03-12,Turkish Airlines,TU4980,Bahrain,London,Via Strait of Hormuz,Via Red Sea–Suez route,10833,11804,971,4453.08,2.1
2026-03-12,Etihad Airways,ET2670,Doha,Lahore,Direct Tehran overfly,Via Ashgabat–Almaty route,10784,11597,813,5136.7,2.6
2026-03-12,Air India,AI9994,Dubai,Cairo,Via Iran/Iraq corridor,Via Egypt–East Africa southern route,9951,12690,2739,15784.85,4.7
2026-03-12,Malaysia Airlines,MA2957,Delhi,Istanbul,Via Baghdad FIR,Via Ankara–Baku corridor,4266,5043,777,2806.99,4.2
2026-03-12,Gulf Air,GU1346,Dubai,Sydney,Via Baghdad FIR,Via Ankara–Baku corridor,10877,11551,674,3174.21,3.7
2026-03-12,Lufthansa,LU7024,Cairo,Riyadh,Via Persian Gulf,Via Indian Ocean southern route,2216,5153,2937,18847.53,4.0
2026-03-12,Jazeera Airways,JA6444,Doha,London,Via Iran/Iraq corridor,Via Turkey–Kazakhstan northern route,8839,10185,1346,5632.65,2.7
2026-03-12,American Airlines,AM4645,London,Dubai,Via Iran/Iraq corridor,Via Turkey–Kazakhstan northern route,7075,7990,915,5805.54,2.9
2026-03-12,Thai Airways,TH9910,Islamabad,Dubai,Via Strait of Hormuz,Via Red Sea–Suez route,8875,10453,1578,7252.82,4.4
2026-03-12,Thai Airways,TH8400,Delhi,Dubai,Via Iran/Iraq corridor,Via Egypt–East Africa southern route,6172,8702,2530,13974.95,0.7
2026-03-12,British Airways,BR1519,Abu Dhabi,Washington,Direct Gulf route,Via Jordan–Egypt alternate,10531,11457,926,4806.92,0.8
2026-03-12,KLM,KL2397,Dubai,Frankfurt,Direct Middle East overfly,Via Central Asian detour,2067,3412,1345,7654.72,2.4
2026-03-12,American Airlines,AM2806,Dubai,Istanbul,Via Strait of Hormuz,Via Red Sea–Suez route,8027,8829,802,5026.64,3.5
2026-03-12,Delta Air Lines,DE8818,Karachi,Dubai,Via Iran/Iraq corridor,Via Turkey–Kazakhstan northern route,7941,8837,896,4891.83,0.7
2026-03-13,Qatar Airways,QA1033,Dubai,Bahrain,Via Iran/Iraq corridor,Via Turkey–Kazakhstan northern route,5456,6563,1107,3900.33,1.4
2026-03-13,Jazeera Airways,JA7575,Singapore,London,Direct Middle East overfly,Via Central Asian detour,9559,11207,1648,11532.15,4.6
2026-03-13,Air France,AI4889,Dubai,Frankfurt,Via Iran/Iraq corridor,Via Egypt–East Africa southern route,2279,3531,1252,6464.42,0.6
2026-03-13,American Airlines,AM2177,Dubai,Karachi,Direct Middle East overfly,Via Central Asian detour,2423,3939,1516,8654.24,2.8
2026-03-13,Saudi Arabian Airlines,SA6615,Istanbul,Delhi,Direct Gulf route,Via Jordan–Egypt alternate,9852,10944,1092,5745.37,0.7
2026-03-13,Singapore Airlines,SI3901,Dubai,Karachi,Via Iran/Iraq corridor,Via Turkey–Kazakhstan northern route,8976,10381,1405,6403.59,4.9
2026-03-13,Emirates SkyCargo,EM4998,Delhi,Istanbul,Via Strait of Hormuz,Via Red Sea–Suez route,11963,12725,762,4415.61,4.5
2026-03-13,Saudi Arabian Airlines,SA1077,London,Abu Dhabi,Via Strait of Hormuz,Via Red Sea–Suez route,9848,10697,849,5919.92,4.3
2026-03-13,Gulf Air,GU8785,Cairo,Riyadh,Via Baghdad FIR,Via Ankara–Baku corridor,5434,6747,1313,5619.77,4.2
2026-03-13,Malaysia Airlines,MA8454,Dubai,Paris,Via Strait of Hormuz,Via Red Sea–Suez route,11500,13216,1716,8864.55,4.0
2026-03-13,Jazeera Airways,JA2743,Paris,Beirut,Direct Tehran overfly,Via Ashgabat–Almaty route,8730,9776,1046,5530.3,3.5
2026-03-13,Turkish Airlines,TU160,Sydney,Abu Dhabi,Via Iran/Iraq corridor,Via Turkey–Kazakhstan northern route,5849,7979,2130,8281.29,4.6
2026-03-13,Jazeera Airways,JA7775,Dubai,New York,Direct Middle East overfly,Via Central Asian detour,11503,12504,1001,4787.86,1.0
2026-03-13,Malaysia Airlines,MA335,London,Muscat,Via Persian Gulf,Via Indian Ocean southern route,6058,7537,1479,8049.37,4.5
2026-03-13,IndiGo,IN3931,Cairo,Dubai,Direct Gulf route,Via Jordan–Egypt alternate,7843,8379,536,3703.33,2.6
2026-03-13,Saudi Arabian Airlines,SA3251,Paris,Dubai,Direct Tehran overfly,Via Ashgabat–Almaty route,8366,10150,1784,6542.47,2.1
2026-03-13,American Airlines,AM7136,Dubai,Mumbai,Via Baghdad FIR,Via Ankara–Baku corridor,6107,6994,887,4263.62,0.7
2026-03-13,Emirates,EM6331,New York,Doha,Via Strait of Hormuz,Via Red Sea–Suez route,4762,6488,1726,10471.4,4.7
2026-03-13,Pakistan International Airlines,PA5961,Istanbul,Delhi,Direct Tehran overfly,Via Ashgabat–Almaty route,7392,9174,1782,7627.98,3.5
2026-03-13,Oman Air,OM7370,Muscat,London,Via Baghdad FIR,Via Ankara–Baku corridor,10648,12139,1491,7392.84,4.9
2026-03-13,KLM,KL5644,Sydney,Abu Dhabi,Via Baghdad FIR,Via Ankara–Baku corridor,4956,6179,1223,7178.21,4.9
2026-03-13,Cathay Pacific,CA362,Doha,Lahore,Direct Middle East overfly,Via Central Asian detour,6693,8932,2239,13652.97,1.8
2026-03-13,Ethiopian Airlines,ET4391,Cairo,Dubai,Via Iran/Iraq corridor,Via Egypt–East Africa southern route,9000,11247,2247,8701.97,4.0
2026-03-13,Gulf Air,GU6011,London,Doha,Direct Tehran overfly,Via Ashgabat–Almaty route,6645,8322,1677,8940.86,1.8
2026-03-14,IndiGo,IN7568,London,Dubai,Direct Gulf route,Via Jordan–Egypt alternate,2193,2960,767,4025.34,3.3
2026-03-14,American Airlines,AM4876,Bahrain,Dubai,Via Baghdad FIR,Via Ankara–Baku corridor,2889,3782,893,5988.81,0.7
2026-03-14,Emirates,EM9830,Kuwait City,Mumbai,Via Iran/Iraq corridor,Via Egypt–East Africa southern route,11721,14058,2337,15346.93,4.1
2026-03-14,EgyptAir,EG1870,Dubai,Karachi,Via Persian Gulf,Via Indian Ocean southern route,11292,14067,2775,10562.62,1.2
2026-03-14,Air France,AI3724,Istanbul,Karachi,Via Strait of Hormuz,Via Red Sea–Suez route,3972,4647,675,4133.54,4.1
2026-03-14,Singapore Airlines,SI2053,New York,Dubai,Via Persian Gulf,Via Indian Ocean southern route,10171,12375,2204,13891.52,2.7
2026-03-14,Kuwait Airways,KU9128,Karachi,Dubai,Via Iran/Iraq corridor,Via Egypt–East Africa southern route,10205,11342,1137,5808.29,4.0
2026-03-14,Jazeera Airways,JA7416,Dubai,Islamabad,Via Iran/Iraq corridor,Via Egypt–East Africa southern route,9963,11854,1891,12917.3,3.7
2026-03-14,Jazeera Airways,JA9809,Frankfurt,Dubai,Via Iran/Iraq corridor,Via Turkey–Kazakhstan northern route,10152,12155,2003,7495.54,3.1
2026-03-14,Cathay Pacific,CA7060,Riyadh,London,Via Strait of Hormuz,Via Red Sea–Suez route,4415,5364,949,3416.41,1.5
2026-03-14,Singapore Airlines,SI4793,Bahrain,Dubai,Via Persian Gulf,Via Indian Ocean southern route,9244,11175,1931,11423.41,1.2
2026-03-14,Iran Air,IR9475,London,Bahrain,Via Baghdad FIR,Via Ankara–Baku corridor,9815,10763,948,3907.63,4.6
2026-03-14,Etihad Airways,ET5671,Sydney,Dubai,Direct Middle East overfly,Via Central Asian detour,2621,3605,984,4824.18,3.4
2026-03-14,Air Arabia,AI1476,Los Angeles,Doha,Via Strait of Hormuz,Via Red Sea–Suez route,6749,7832,1083,3910.05,1.5
2026-03-14,Emirates SkyCargo,EM9845,Los Angeles,Doha,Via Persian Gulf,Via Indian Ocean southern route,10202,13178,2976,14971.77,1.1
2026-03-14,American Airlines,AM4917,Dubai,Frankfurt,Via Iran/Iraq corridor,Via Egypt–East Africa southern route,8875,11394,2519,17185.76,2.1
2026-03-14,Oman Air,OM6013,Paris,Doha,Via Strait of Hormuz,Via Red Sea–Suez route,10392,11907,1515,10205.47,1.2
2026-03-14,Air India,AI4449,Riyadh,London,Direct Middle East overfly,Via Central Asian detour,5158,6233,1075,4679.97,2.0
2026-03-14,Delta Air Lines,DE4006,Delhi,Istanbul,Via Iran/Iraq corridor,Via Turkey–Kazakhstan northern route,4911,6315,1404,8036.21,4.9
2026-03-14,Qatar Airways,QA6413,Frankfurt,Dubai,Via Iran/Iraq corridor,Via Turkey–Kazakhstan northern route,11812,13887,2075,11688.28,4.7
2026-03-14,British Airways,BR1130,Frankfurt,Dubai,Via Persian Gulf,Via Indian Ocean southern route,5035,8450,3415,15037.63,4.3
2026-03-14,Emirates SkyCargo,EM416,Riyadh,Cairo,Via Persian Gulf,Via Indian Ocean southern route,6309,9258,2949,13041.64,3.1
2026-03-14,Emirates SkyCargo,EM8310,London,Doha,Direct Middle East overfly,Via Central Asian detour,2952,5417,2465,13540.75,1.1
2026-03-14,Oman Air,OM4303,Dubai,Frankfurt,Via Iran/Iraq corridor,Via Turkey–Kazakhstan northern route,2984,4014,1030,4903.09,4.0
2026-03-15,Thai Airways,TH9292,Karachi,Dubai,Via Iran/Iraq corridor,Via Egypt–East Africa southern route,2102,4699,2597,10012.85,2.4
2026-03-15,Oman Air,OM3917,Beijing,Tehran,Via Strait of Hormuz,Via Red Sea–Suez route,8217,9607,1390,7465.07,0.9
2026-03-15,United Airlines,UN991,Dubai,Karachi,Via Iran/Iraq corridor,Via Egypt–East Africa southern route,6147,8817,2670,10416.67,1.5
2026-03-15,KLM,KL1277,Riyadh,Islamabad,Via Strait of Hormuz,Via Red Sea–Suez route,10801,11708,907,3806.96,0.5
2026-03-15,Oman Air,OM7326,London,Kuwait City,Direct Tehran overfly,Via Ashgabat–Almaty route,4609,6043,1434,5892.36,4.6
2026-03-15,Jazeera Airways,JA939,Bahrain,London,Via Strait of Hormuz,Via Red Sea–Suez route,10877,12435,1558,5969.72,0.6
2026-03-15,Emirates SkyCargo,EM8651,Istanbul,Karachi,Via Strait of Hormuz,Via Red Sea–Suez route,3926,4706,780,3628.86,1.3
2026-03-15,Air Arabia,AI2869,London,Riyadh,Direct Middle East overfly,Via Central Asian detour,7174,9090,1916,12852.62,1.0
2026-03-15,Saudi Arabian Airlines,SA3515,Dubai,New York,Direct Middle East overfly,Via Central Asian detour,11850,12830,980,6817.47,3.7
2026-03-15,Air India,AI9389,Riyadh,Cairo,Direct Tehran overfly,Via Ashgabat–Almaty route,6802,8175,1373,7180.66,3.7
2026-03-15,Oman Air,OM5641,Dubai,Delhi,Direct Middle East overfly,Via Central Asian detour,11841,13592,1751,7181.98,2.0
2026-03-15,Delta Air Lines,DE5834,Tehran,Moscow,Direct Gulf route,Via Jordan–Egypt alternate,3924,4947,1023,5243.0,3.7
2026-03-15,EgyptAir,EG8156,Kuwait City,Cairo,Via Iran/Iraq corridor,Via Egypt–East Africa southern route,5808,7258,1450,7762.35,1.8
2026-03-15,American Airlines,AM2416,Frankfurt,Dubai,Via Strait of Hormuz,Via Red Sea–Suez route,2006,3493,1487,5307.26,3.8
2026-03-15,Etihad Airways,ET1153,Beijing,Tehran,Via Strait of Hormuz,Via Red Sea–Suez route,5849,6839,990,6462.93,2.2
2026-03-15,Jazeera Airways,JA2032,Riyadh,Cairo,Via Persian Gulf,Via Indian Ocean southern route,10593,12893,2300,9595.58,2.0
2026-03-15,Air France,AI1862,Sydney,Abu Dhabi,Direct Gulf route,Via Jordan–Egypt alternate,11703,12405,702,3501.22,2.0
2026-03-15,Jazeera Airways,JA9847,Dubai,Delhi,Via Iran/Iraq corridor,Via Egypt–East Africa southern route,9659,11863,2204,12621.59,2.1
2026-03-15,Emirates SkyCargo,EM7567,Cairo,Riyadh,Direct Gulf route,Via Jordan–Egypt alternate,3435,4259,824,4428.98,3.2
2026-03-15,American Airlines,AM6438,Beijing,Tehran,Via Baghdad FIR,Via Ankara–Baku corridor,6175,6995,820,5222.19,1.5
2026-03-15,Malaysia Airlines,MA1953,Doha,London,Via Iran/Iraq corridor,Via Egypt–East Africa southern route,2924,5680,2756,15370.03,3.2
2026-03-15,Pakistan International Airlines,PA2486,Abu Dhabi,London,Direct Gulf route,Via Jordan–Egypt alternate,6251,7274,1023,3702.25,0.8
2026-03-16,Lufthansa,LU135,Islamabad,Dubai,Direct Tehran overfly,Via Ashgabat–Almaty route,5237,6771,1534,6211.37,3.6
2026-03-16,British Airways,BR2112,Karachi,Dubai,Via Iran/Iraq corridor,Via Egypt–East Africa southern route,8162,9905,1743,9964.81,3.7
2026-03-16,DHL Aviation,DH7129,Doha,Paris,Direct Middle East overfly,Via Central Asian detour,8386,10200,1814,8143.02,4.1
2026-03-16,Delta Air Lines,DE6614,Riyadh,Cairo,Direct Tehran overfly,Via Ashgabat–Almaty route,4788,6084,1296,4663.29,2.8
2026-03-16,Oman Air,OM6346,Dubai,Mumbai,Via Strait of Hormuz,Via Red Sea–Suez route,6783,7995,1212,6015.77,1.1
2026-03-16,Malaysia Airlines,MA6325,Paris,Doha,Via Persian Gulf,Via Indian Ocean southern route,8887,11943,3056,18533.11,4.5
2026-03-16,Qatar Airways,QA4267,Doha,Mumbai,Direct Gulf route,Via Jordan–Egypt alternate,3467,3997,530,3449.8,1.9
2026-03-16,Emirates,EM6966,Doha,New York,Via Baghdad FIR,Via Ankara–Baku corridor,7097,7794,697,3640.87,4.0
2026-03-16,Lufthansa,LU6221,Dubai,Mumbai,Direct Tehran overfly,Via Ashgabat–Almaty route,2312,3312,1000,4358.74,3.4
2026-03-16,Jazeera Airways,JA9670,Singapore,Dubai,Direct Middle East overfly,Via Central Asian detour,9114,10280,1166,7568.85,3.6
2026-03-16,IndiGo,IN2707,Abu Dhabi,London,Via Iran/Iraq corridor,Via Turkey–Kazakhstan northern route,8166,10358,2192,9446.06,3.3
2026-03-16,Mahan Air,MA827,Riyadh,Cairo,Via Strait of Hormuz,Via Red Sea–Suez route,10934,12416,1482,9892.77,4.4
2026-03-16,Etihad Airways,ET8005,Paris,Dubai,Via Persian Gulf,Via Indian Ocean southern route,6755,8432,1677,10757.51,1.5
2026-03-16,Air Arabia,AI7395,Tehran,Beijing,Via Iran/Iraq corridor,Via Turkey–Kazakhstan northern route,6897,9021,2124,13476.87,3.3
2026-03-16,Cargolux,CA7620,Doha,Paris,Direct Middle East overfly,Via Central Asian detour,10234,11514,1280,6512.95,2.4
2026-03-16,Air India,AI446,New York,Dubai,Direct Gulf route,Via Jordan–Egypt alternate,4749,5229,480,2921.87,3.6
2026-03-16,Qatar Airways,QA6877,Doha,New York,Via Iran/Iraq corridor,Via Egypt–East Africa southern route,3335,5561,2226,14606.29,2.7
2026-03-16,Cathay Pacific,CA6523,London,Riyadh,Via Iran/Iraq corridor,Via Egypt–East Africa southern route,2723,4597,1874,8544.44,3.4
2026-03-16,Air India,AI6895,Washington,Abu Dhabi,Direct Gulf route,Via Jordan–Egypt alternate,8055,8877,822,3330.9,2.0
2026-03-16,Turkish Airlines,TU5008,Dubai,Mumbai,Via Iran/Iraq corridor,Via Egypt–East Africa southern route,4100,6649,2549,13216.68,4.8
2026-03-16,Thai Airways,TH9694,Singapore,Dubai,Via Baghdad FIR,Via Ankara–Baku corridor,3969,5185,1216,4860.83,0.9
2026-03-16,EgyptAir,EG8171,Kuwait City,Mumbai,Via Iran/Iraq corridor,Via Turkey–Kazakhstan northern route,6853,8212,1359,6382.05,3.2
2026-03-16,Jazeera Airways,JA1255,London,Riyadh,Via Iran/Iraq corridor,Via Egypt–East Africa southern route,4482,7155,2673,18418.99,2.5
2026-03-16,Lufthansa,LU7106,Dubai,Frankfurt,Via Strait of Hormuz,Via Red Sea–Suez route,6425,7122,697,4178.36,0.8
